<metadata xml:lang="en"><Esri><CreaDate>20210515</CreaDate><CreaTime>19563800</CreaTime><ArcGISFormat>1.0</ArcGISFormat><SyncOnce>FALSE</SyncOnce><DataProperties><itemProps><itemName Sync="TRUE">ND_Highways</itemName><imsContentType Sync="TRUE">002</imsContentType><itemLocation><linkage Sync="TRUE">file://\\DESKTOP-NUNNDPS\C$\Users\jenny\OneDrive\Documents\GIS Cert classes\ENVS 522\Baxter_waterfowl_project\North_Dakota\ND_Highways.shp</linkage><protocol Sync="TRUE">Local Area Network</protocol></itemLocation><itemSize Sync="TRUE">0.000</itemSize></itemProps><coordRef><type Sync="TRUE">Projected</type><geogcsn Sync="TRUE">GCS_NAD_1983_2011</geogcsn><csUnits Sync="TRUE">Linear Unit: Meter (1.000000)</csUnits><peXml Sync="TRUE">&lt;ProjectedCoordinateSystem xsi:type='typens:ProjectedCoordinateSystem' xmlns:xsi='http://www.w3.org/2001/XMLSchema-instance' xmlns:xs='http://www.w3.org/2001/XMLSchema' xmlns:typens='http://www.esri.com/schemas/ArcGIS/2.7.0'&gt;&lt;WKT&gt;PROJCS[&amp;quot;NAD_1983_2011_UTM_Zone_14N&amp;quot;,GEOGCS[&amp;quot;GCS_NAD_1983_2011&amp;quot;,DATUM[&amp;quot;D_NAD_1983_2011&amp;quot;,SPHEROID[&amp;quot;GRS_1980&amp;quot;,6378137.0,298.257222101]],PRIMEM[&amp;quot;Greenwich&amp;quot;,0.0],UNIT[&amp;quot;Degree&amp;quot;,0.0174532925199433]],PROJECTION[&amp;quot;Transverse_Mercator&amp;quot;],PARAMETER[&amp;quot;False_Easting&amp;quot;,500000.0],PARAMETER[&amp;quot;False_Northing&amp;quot;,0.0],PARAMETER[&amp;quot;Central_Meridian&amp;quot;,-99.0],PARAMETER[&amp;quot;Scale_Factor&amp;quot;,0.9996],PARAMETER[&amp;quot;Latitude_Of_Origin&amp;quot;,0.0],UNIT[&amp;quot;Meter&amp;quot;,1.0],AUTHORITY[&amp;quot;EPSG&amp;quot;,6343]]&lt;/WKT&gt;&lt;XOrigin&gt;-5120900&lt;/XOrigin&gt;&lt;YOrigin&gt;-9998100&lt;/YOrigin&gt;&lt;XYScale&gt;450445547.3910538&lt;/XYScale&gt;&lt;ZOrigin&gt;-100000&lt;/ZOrigin&gt;&lt;ZScale&gt;10000&lt;/ZScale&gt;&lt;MOrigin&gt;-100000&lt;/MOrigin&gt;&lt;MScale&gt;10000&lt;/MScale&gt;&lt;XYTolerance&gt;0.001&lt;/XYTolerance&gt;&lt;ZTolerance&gt;0.001&lt;/ZTolerance&gt;&lt;MTolerance&gt;0.001&lt;/MTolerance&gt;&lt;HighPrecision&gt;true&lt;/HighPrecision&gt;&lt;WKID&gt;102383&lt;/WKID&gt;&lt;LatestWKID&gt;6343&lt;/LatestWKID&gt;&lt;/ProjectedCoordinateSystem&gt;</peXml><projcsn Sync="TRUE">NAD_1983_2011_UTM_Zone_14N</projcsn></coordRef><lineage><Process ToolSource="c:\program files\arcgis\pro\Resources\ArcToolbox\toolboxes\Conversion Tools.tbx\FeatureClassToFeatureClass" Date="20210515" Time="183608">FeatureClassToFeatureClass State_and_Federal_Roads "C:\Users\jenny\OneDrive\Documents\GIS Cert classes\ENVS 522\Baxter_waterfowl_project\Derived_Data\Derived_Data.gdb" ND_highways # "OBJECTID "OBJECTID" true true false 3 Short 0 3,First,#,State_and_Federal_Roads,OBJECTID,-1,-1;RTE_SIN "RTE_SIN" true true false 1 Text 0 0,First,#,State_and_Federal_Roads,RTE_SIN,0,1;HWY "HWY" true true false 4 Short 0 4,First,#,State_and_Federal_Roads,HWY,-1,-1;RTE_SUFFIX "RTE_SUFFIX" true true false 1 Text 0 0,First,#,State_and_Federal_Roads,RTE_SUFFIX,0,1;DIRECTION "DIRECTION" true true false 1 Text 0 0,First,#,State_and_Federal_Roads,DIRECTION,0,1;INT_ID "INT_ID" true true false 10 Text 0 0,First,#,State_and_Federal_Roads,INT_ID,0,10;HWY_CHAR "HWY_CHAR" true true false 12 Text 0 0,First,#,State_and_Federal_Roads,HWY_CHAR,0,12;HWY_DIR "HWY_DIR" true true false 5 Text 0 0,First,#,State_and_Federal_Roads,HWY_DIR,0,5;HWY_SUFFIX "HWY_SUFFIX" true true false 4 Text 0 0,First,#,State_and_Federal_Roads,HWY_SUFFIX,0,4;HWY_SUFF_1 "HWY_SUFF_1" true true false 5 Text 0 0,First,#,State_and_Federal_Roads,HWY_SUFF_1,0,5;CREATED_US "CREATED_US" true true false 14 Text 0 0,First,#,State_and_Federal_Roads,CREATED_US,0,14;CREATED_DA "CREATED_DA" true true false 8 Date 0 0,First,#,State_and_Federal_Roads,CREATED_DA,-1,-1;LAST_EDITE "LAST_EDITE" true true false 14 Text 0 0,First,#,State_and_Federal_Roads,LAST_EDITE,0,14;LAST_EDI_1 "LAST_EDI_1" true true false 8 Date 0 0,First,#,State_and_Federal_Roads,LAST_EDI_1,-1,-1;ROUTE_ID_R "ROUTE_ID_R" true true false 3 Short 0 3,First,#,State_and_Federal_Roads,ROUTE_ID_R,-1,-1;FROMDATE "FROMDATE" true true false 8 Date 0 0,First,#,State_and_Federal_Roads,FROMDATE,-1,-1;TODATE "TODATE" true true false 8 Date 0 0,First,#,State_and_Federal_Roads,TODATE,-1,-1;EVENTID "EVENTID" true true false 36 Text 0 0,First,#,State_and_Federal_Roads,EVENTID,0,36;ROUTEID "ROUTEID" true true false 19 Text 0 0,First,#,State_and_Federal_Roads,ROUTEID,0,19;FROMMEASUR "FROMMEASUR" true true false 24 Double 15 23,First,#,State_and_Federal_Roads,FROMMEASUR,-1,-1;TOMEASURE "TOMEASURE" true true false 24 Double 15 23,First,#,State_and_Federal_Roads,TOMEASURE,-1,-1;SHAPE_Leng "SHAPE_Leng" true true false 24 Double 15 23,First,#,State_and_Federal_Roads,SHAPE_Leng,-1,-1" #</Process><Process Name="Project (8)" ToolSource="c:\program files\arcgis\pro\Resources\ArcToolbox\toolboxes\Data Management Tools.tbx\Project" Date="20210515" Time="195639">Project "C:\Users\jenny\OneDrive\Documents\GIS Cert classes\ENVS 522\Baxter_waterfowl_project\Derived_Data\Derived_Data.gdb\ND_highways" "C:\Users\jenny\OneDrive\Documents\GIS Cert classes\ENVS 522\Baxter_waterfowl_project\Derived_Data\Derived_Data.gdb\UTM14_ND_highways" PROJCS['NAD_1983_2011_UTM_Zone_14N',GEOGCS['GCS_NAD_1983_2011',DATUM['D_NAD_1983_2011',SPHEROID['GRS_1980',6378137.0,298.257222101]],PRIMEM['Greenwich',0.0],UNIT['Degree',0.0174532925199433]],PROJECTION['Transverse_Mercator'],PARAMETER['False_Easting',500000.0],PARAMETER['False_Northing',0.0],PARAMETER['Central_Meridian',-99.0],PARAMETER['Scale_Factor',0.9996],PARAMETER['Latitude_Of_Origin',0.0],UNIT['Meter',1.0]] WGS_1984_(ITRF08)_To_NAD_1983_2011 GEOGCS['GCS_WGS_1984',DATUM['D_WGS_1984',SPHEROID['WGS_1984',6378137.0,298.257223563]],PRIMEM['Greenwich',0.0],UNIT['Degree',0.0174532925199433]] NO_PRESERVE_SHAPE # NO_VERTICAL</Process><Process ToolSource="c:\program files\arcgis\pro\Resources\ArcToolbox\toolboxes\Conversion Tools.tbx\FeatureClassToFeatureClass" Date="20210515" Time="212158">FeatureClassToFeatureClass UTM14_ND_highways "C:\Users\jenny\OneDrive\Documents\GIS Cert classes\ENVS 522\Baxter_waterfowl_project\North_Dakota" ND_Highways.shp # "OBJECTID "OBJECTID" true true false 2 Short 0 0,First,#,UTM14_ND_highways,OBJECTID,-1,-1;RTE_SIN "RTE_SIN" true true false 1 Text 0 0,First,#,UTM14_ND_highways,RTE_SIN,0,1;HWY "HWY" true true false 2 Short 0 0,First,#,UTM14_ND_highways,HWY,-1,-1;RTE_SUFFIX "RTE_SUFFIX" true true false 1 Text 0 0,First,#,UTM14_ND_highways,RTE_SUFFIX,0,1;DIRECTION "DIRECTION" true true false 1 Text 0 0,First,#,UTM14_ND_highways,DIRECTION,0,1;INT_ID "INT_ID" true true false 10 Text 0 0,First,#,UTM14_ND_highways,INT_ID,0,10;HWY_CHAR "HWY_CHAR" true true false 12 Text 0 0,First,#,UTM14_ND_highways,HWY_CHAR,0,12;HWY_DIR "HWY_DIR" true true false 5 Text 0 0,First,#,UTM14_ND_highways,HWY_DIR,0,5;HWY_SUFFIX "HWY_SUFFIX" true true false 4 Text 0 0,First,#,UTM14_ND_highways,HWY_SUFFIX,0,4;HWY_SUFF_1 "HWY_SUFF_1" true true false 5 Text 0 0,First,#,UTM14_ND_highways,HWY_SUFF_1,0,5;CREATED_US "CREATED_US" true true false 14 Text 0 0,First,#,UTM14_ND_highways,CREATED_US,0,14;CREATED_DA "CREATED_DA" true true false 8 Date 0 0,First,#,UTM14_ND_highways,CREATED_DA,-1,-1;LAST_EDITE "LAST_EDITE" true true false 14 Text 0 0,First,#,UTM14_ND_highways,LAST_EDITE,0,14;LAST_EDI_1 "LAST_EDI_1" true true false 8 Date 0 0,First,#,UTM14_ND_highways,LAST_EDI_1,-1,-1;ROUTE_ID_R "ROUTE_ID_R" true true false 2 Short 0 0,First,#,UTM14_ND_highways,ROUTE_ID_R,-1,-1;FROMDATE "FROMDATE" true true false 8 Date 0 0,First,#,UTM14_ND_highways,FROMDATE,-1,-1;TODATE "TODATE" true true false 8 Date 0 0,First,#,UTM14_ND_highways,TODATE,-1,-1;EVENTID "EVENTID" true true false 36 Text 0 0,First,#,UTM14_ND_highways,EVENTID,0,36;ROUTEID "ROUTEID" true true false 19 Text 0 0,First,#,UTM14_ND_highways,ROUTEID,0,19;FROMMEASUR "FROMMEASUR" true true false 8 Double 0 0,First,#,UTM14_ND_highways,FROMMEASUR,-1,-1;TOMEASURE "TOMEASURE" true true false 8 Double 0 0,First,#,UTM14_ND_highways,TOMEASURE,-1,-1;SHAPE_Leng "SHAPE_Leng" true true false 8 Double 0 0,First,#,UTM14_ND_highways,SHAPE_Leng,-1,-1;Shape_Length "Shape_Length" false true true 8 Double 0 0,First,#,UTM14_ND_highways,Shape_Length,-1,-1" #</Process></lineage><LayerFile>{"type":"CIMLayerDocument","version":"2.7.0","build":26828,"layers":["CIMPATH=north_dakota/nd_highways.xml"],"layerDefinitions":[{"type":"CIMFeatureLayer","name":"ND_Highways","uRI":"CIMPATH=north_dakota/nd_highways.xml","sourceModifiedTime":{"type":"TimeInstant"},"useSourceMetadata":true,"description":"ND_Highways","layerElevation":{"type":"CIMLayerElevationSurface"},"expanded":true,"layer3DProperties":{"type":"CIM3DLayerProperties","castShadows":true,"isLayerLit":true,"layerFaceCulling":"None","maxDistance":-1,"minDistance":-1,"preloadTextureCutoffHigh":0,"preloadTextureCutoffLow":0.25,"textureCutoffHigh":0.25,"textureCutoffLow":1,"useCompressedTextures":true,"verticalExaggeration":1,"exaggerationMode":"ScaleZ","verticalUnit":{"uwkid":9001},"lighting":"OneSideDataNormal"},"layerType":"Operational","showLegends":true,"visibility":true,"displayCacheType":"Permanent","maxDisplayCacheAge":5,"showPopups":true,"serviceLayerID":-1,"refreshRate":-1,"refreshRateUnit":"esriTimeUnitsSeconds","blendingMode":"Alpha","autoGenerateFeatureTemplates":true,"featureElevationExpression":"Shape.Z","featureTable":{"type":"CIMFeatureTable","displayField":"OBJECTID","editable":true,"dataConnection":{"type":"CIMStandardDataConnection","workspaceConnectionString":"DATABASE=..\\..\\..\\..\\OneDrive\\Documents\\GIS Cert classes\\ENVS 522\\Baxter_waterfowl_project\\North_Dakota","workspaceFactory":"Shapefile","dataset":"ND_Highways","datasetType":"esriDTFeatureClass"},"studyAreaSpatialRel":"esriSpatialRelUndefined","searchOrder":"esriSearchOrderSpatial"},"htmlPopupEnabled":true,"selectable":true,"featureCacheType":"Session","displayFiltersType":"ByScale","featureBlendingMode":"Alpha","labelClasses":[{"type":"CIMLabelClass","expressionTitle":"Custom","expression":"$feature.OBJECTID","expressionEngine":"Arcade","featuresToLabel":"AllVisibleFeatures","maplexLabelPlacementProperties":{"type":"CIMMaplexLabelPlacementProperties","featureType":"Line","avoidPolygonHoles":true,"canOverrunFeature":true,"canPlaceLabelOutsidePolygon":true,"canRemoveOverlappingLabel":true,"canStackLabel":true,"connectionType":"MinimizeLabels","constrainOffset":"AboveLine","contourAlignmentType":"Page","contourLadderType":"Straight","contourMaximumAngle":90,"enableConnection":true,"featureWeight":0,"fontHeightReductionLimit":4,"fontHeightReductionStep":0.5,"fontWidthReductionLimit":90,"fontWidthReductionStep":5,"graticuleAlignmentType":"Straight","keyNumberGroupName":"Default","labelBuffer":15,"labelLargestPolygon":true,"labelPriority":-1,"labelStackingProperties":{"type":"CIMMaplexLabelStackingProperties","stackAlignment":"ChooseBest","maximumNumberOfLines":3,"minimumNumberOfCharsPerLine":3,"maximumNumberOfCharsPerLine":24,"separators":[{"type":"CIMMaplexStackingSeparator","separator":" ","splitAfter":true},{"type":"CIMMaplexStackingSeparator","separator":",","visible":true,"splitAfter":true}]},"lineFeatureType":"General","linePlacementMethod":"OffsetStraightFromLine","maximumLabelOverrun":16,"maximumLabelOverrunUnit":"Point","minimumFeatureSizeUnit":"Map","multiPartOption":"OneLabelPerFeature","offsetAlongLineProperties":{"type":"CIMMaplexOffsetAlongLineProperties","placementMethod":"BestPositionAlongLine","labelAnchorPoint":"CenterOfLabel","distanceUnit":"Map","useLineDirection":true},"pointExternalZonePriorities":{"type":"CIMMaplexExternalZonePriorities","aboveLeft":4,"aboveCenter":2,"aboveRight":1,"centerRight":3,"belowRight":5,"belowCenter":7,"belowLeft":8,"centerLeft":6},"pointPlacementMethod":"AroundPoint","polygonAnchorPointType":"GeometricCenter","polygonBoundaryWeight":0,"polygonExternalZones":{"type":"CIMMaplexExternalZonePriorities","aboveLeft":4,"aboveCenter":2,"aboveRight":1,"centerRight":3,"belowRight":5,"belowCenter":7,"belowLeft":8,"centerLeft":6},"polygonFeatureType":"General","polygonInternalZones":{"type":"CIMMaplexInternalZonePriorities","center":1},"polygonPlacementMethod":"CurvedInPolygon","primaryOffset":1,"primaryOffsetUnit":"Point","removeExtraWhiteSpace":true,"repetitionIntervalUnit":"Point","rotationProperties":{"type":"CIMMaplexRotationProperties","rotationType":"Arithmetic","alignmentType":"Straight"},"secondaryOffset":100,"strategyPriorities":{"type":"CIMMaplexStrategyPriorities","stacking":1,"overrun":2,"fontCompression":3,"fontReduction":4,"abbreviation":5},"thinningDistanceUnit":"Point","truncationMarkerCharacter":".","truncationMinimumLength":1,"truncationPreferredCharacters":"aeiou","truncationExcludedCharacters":"0123456789","polygonAnchorPointPerimeterInsetUnit":"Point"},"name":"Class 1","priority":-1,"standardLabelPlacementProperties":{"type":"CIMStandardLabelPlacementProperties","featureType":"Line","featureWeight":"None","labelWeight":"High","numLabelsOption":"OneLabelPerName","lineLabelPosition":{"type":"CIMStandardLineLabelPosition","above":true,"inLine":true,"parallel":true},"lineLabelPriorities":{"type":"CIMStandardLineLabelPriorities","aboveStart":3,"aboveAlong":3,"aboveEnd":3,"centerStart":3,"centerAlong":3,"centerEnd":3,"belowStart":3,"belowAlong":3,"belowEnd":3},"pointPlacementMethod":"AroundPoint","pointPlacementPriorities":{"type":"CIMStandardPointPlacementPriorities","aboveLeft":2,"aboveCenter":2,"aboveRight":1,"centerLeft":3,"centerRight":2,"belowLeft":3,"belowCenter":3,"belowRight":2},"rotationType":"Arithmetic","polygonPlacementMethod":"AlwaysHorizontal"},"textSymbol":{"type":"CIMSymbolReference","symbol":{"type":"CIMTextSymbol","blockProgression":"TTB","depth3D":1,"extrapolateBaselines":true,"fontEffects":"Normal","fontEncoding":"Unicode","fontFamilyName":"Tahoma","fontStyleName":"Regular","fontType":"Unspecified","haloSize":1,"height":10,"hinting":"Default","horizontalAlignment":"Left","kerning":true,"letterWidth":100,"ligatures":true,"lineGapType":"ExtraLeading","symbol":{"type":"CIMPolygonSymbol","symbolLayers":[{"type":"CIMSolidFill","enable":true,"color":{"type":"CIMRGBColor","values":[0,0,0,100]}}]},"textCase":"Normal","textDirection":"LTR","verticalAlignment":"Bottom","verticalGlyphOrientation":"Right","wordSpacing":100,"billboardMode3D":"FaceNearPlane"}},"useCodedValue":true,"visibility":true,"iD":-1}],"renderer":{"type":"CIMSimpleRenderer","patch":"Default","symbol":{"type":"CIMSymbolReference","symbol":{"type":"CIMLineSymbol","symbolLayers":[{"type":"CIMSolidStroke","enable":true,"capStyle":"Round","joinStyle":"Round","lineStyle3D":"Strip","miterLimit":10,"width":1,"color":{"type":"CIMRGBColor","values":[127.81,142.800000000000011,42.8400000000000034,100]}}]}}},"scaleSymbols":true,"snappable":true}]}</LayerFile></DataProperties><SyncDate>20210515</SyncDate><SyncTime>21215800</SyncTime><ModDate>20210515</ModDate><ModTime>21215800</ModTime></Esri><dataIdInfo><envirDesc Sync="TRUE">Microsoft Windows 10 Version 10.0 (Build 19041) ; Esri ArcGIS 12.7.3.26828</envirDesc><dataLang><languageCode value="eng" Sync="TRUE"></languageCode><countryCode value="USA" Sync="TRUE"></countryCode></dataLang><idCitation><resTitle Sync="TRUE">ND_Highways</resTitle><presForm><PresFormCd value="005" Sync="TRUE"></PresFormCd></presForm></idCitation><spatRpType><SpatRepTypCd value="001" Sync="TRUE"></SpatRepTypCd></spatRpType></dataIdInfo><mdLang><languageCode value="eng" Sync="TRUE"></languageCode><countryCode value="USA" Sync="TRUE"></countryCode></mdLang><distInfo><distFormat><formatName Sync="TRUE">Shapefile</formatName></distFormat><distTranOps><transSize Sync="TRUE">0.000</transSize></distTranOps></distInfo><mdHrLv><ScopeCd value="005" Sync="TRUE"></ScopeCd></mdHrLv><mdHrLvName Sync="TRUE">dataset</mdHrLvName><refSysInfo><RefSystem><refSysID><identCode code="6343" Sync="TRUE"></identCode><idCodeSpace Sync="TRUE">EPSG</idCodeSpace><idVersion Sync="TRUE">8.2.2(10.2.1)</idVersion></refSysID></RefSystem></refSysInfo><spatRepInfo><VectSpatRep><geometObjs Name="ND_Highways"><geoObjTyp><GeoObjTypCd value="002" Sync="TRUE"></GeoObjTypCd></geoObjTyp><geoObjCnt Sync="TRUE">0</geoObjCnt></geometObjs><topLvl><TopoLevCd value="001" Sync="TRUE"></TopoLevCd></topLvl></VectSpatRep></spatRepInfo><spdoinfo><ptvctinf><esriterm Name="ND_Highways"><efeatyp Sync="TRUE">Simple</efeatyp><efeageom code="3" Sync="TRUE"></efeageom><esritopo Sync="TRUE">FALSE</esritopo><efeacnt Sync="TRUE">0</efeacnt><spindex Sync="TRUE">FALSE</spindex><linrefer Sync="TRUE">TRUE</linrefer></esriterm></ptvctinf></spdoinfo><eainfo><detailed Name="ND_Highways"><enttyp><enttypl Sync="TRUE">ND_Highways</enttypl><enttypt Sync="TRUE">Feature Class</enttypt><enttypc Sync="TRUE">0</enttypc></enttyp><attr><attrlabl Sync="TRUE">FID</attrlabl><attalias Sync="TRUE">FID</attalias><attrtype Sync="TRUE">OID</attrtype><attwidth Sync="TRUE">4</attwidth><atprecis Sync="TRUE">0</atprecis><attscale Sync="TRUE">0</attscale><attrdef Sync="TRUE">Internal feature number.</attrdef><attrdefs Sync="TRUE">Esri</attrdefs><attrdomv><udom Sync="TRUE">Sequential unique whole numbers that are automatically generated.</udom></attrdomv></attr><attr><attrlabl Sync="TRUE">Shape</attrlabl><attalias Sync="TRUE">Shape</attalias><attrtype Sync="TRUE">Geometry</attrtype><attwidth Sync="TRUE">0</attwidth><atprecis Sync="TRUE">0</atprecis><attscale Sync="TRUE">0</attscale><attrdef Sync="TRUE">Feature geometry.</attrdef><attrdefs Sync="TRUE">Esri</attrdefs><attrdomv><udom Sync="TRUE">Coordinates defining the features.</udom></attrdomv></attr><attr><attrlabl Sync="TRUE">OBJECTID</attrlabl><attalias Sync="TRUE">OBJECTID</attalias><attrtype Sync="TRUE">Integer</attrtype><attwidth Sync="TRUE">5</attwidth><atprecis Sync="TRUE">5</atprecis><attscale Sync="TRUE">0</attscale></attr><attr><attrlabl Sync="TRUE">RTE_SIN</attrlabl><attalias Sync="TRUE">RTE_SIN</attalias><attrtype Sync="TRUE">String</attrtype><attwidth Sync="TRUE">1</attwidth><atprecis Sync="TRUE">0</atprecis><attscale Sync="TRUE">0</attscale></attr><attr><attrlabl Sync="TRUE">HWY</attrlabl><attalias Sync="TRUE">HWY</attalias><attrtype Sync="TRUE">Integer</attrtype><attwidth Sync="TRUE">5</attwidth><atprecis Sync="TRUE">5</atprecis><attscale Sync="TRUE">0</attscale></attr><attr><attrlabl Sync="TRUE">RTE_SUFFIX</attrlabl><attalias Sync="TRUE">RTE_SUFFIX</attalias><attrtype Sync="TRUE">String</attrtype><attwidth Sync="TRUE">1</attwidth><atprecis Sync="TRUE">0</atprecis><attscale Sync="TRUE">0</attscale></attr><attr><attrlabl Sync="TRUE">DIRECTION</attrlabl><attalias Sync="TRUE">DIRECTION</attalias><attrtype Sync="TRUE">String</attrtype><attwidth Sync="TRUE">1</attwidth><atprecis Sync="TRUE">0</atprecis><attscale Sync="TRUE">0</attscale></attr><attr><attrlabl Sync="TRUE">INT_ID</attrlabl><attalias Sync="TRUE">INT_ID</attalias><attrtype Sync="TRUE">String</attrtype><attwidth Sync="TRUE">10</attwidth><atprecis Sync="TRUE">0</atprecis><attscale Sync="TRUE">0</attscale></attr><attr><attrlabl Sync="TRUE">HWY_CHAR</attrlabl><attalias Sync="TRUE">HWY_CHAR</attalias><attrtype Sync="TRUE">String</attrtype><attwidth Sync="TRUE">12</attwidth><atprecis Sync="TRUE">0</atprecis><attscale Sync="TRUE">0</attscale></attr><attr><attrlabl Sync="TRUE">HWY_DIR</attrlabl><attalias Sync="TRUE">HWY_DIR</attalias><attrtype Sync="TRUE">String</attrtype><attwidth Sync="TRUE">5</attwidth><atprecis Sync="TRUE">0</atprecis><attscale Sync="TRUE">0</attscale></attr><attr><attrlabl Sync="TRUE">HWY_SUFFIX</attrlabl><attalias Sync="TRUE">HWY_SUFFIX</attalias><attrtype Sync="TRUE">String</attrtype><attwidth Sync="TRUE">4</attwidth><atprecis Sync="TRUE">0</atprecis><attscale Sync="TRUE">0</attscale></attr><attr><attrlabl Sync="TRUE">HWY_SUFF_1</attrlabl><attalias Sync="TRUE">HWY_SUFF_1</attalias><attrtype Sync="TRUE">String</attrtype><attwidth Sync="TRUE">5</attwidth><atprecis Sync="TRUE">0</atprecis><attscale Sync="TRUE">0</attscale></attr><attr><attrlabl Sync="TRUE">CREATED_US</attrlabl><attalias Sync="TRUE">CREATED_US</attalias><attrtype Sync="TRUE">String</attrtype><attwidth Sync="TRUE">14</attwidth><atprecis Sync="TRUE">0</atprecis><attscale Sync="TRUE">0</attscale></attr><attr><attrlabl Sync="TRUE">CREATED_DA</attrlabl><attalias Sync="TRUE">CREATED_DA</attalias><attrtype Sync="TRUE">Date</attrtype><attwidth Sync="TRUE">8</attwidth><atprecis Sync="TRUE">0</atprecis><attscale Sync="TRUE">0</attscale></attr><attr><attrlabl Sync="TRUE">LAST_EDITE</attrlabl><attalias Sync="TRUE">LAST_EDITE</attalias><attrtype Sync="TRUE">String</attrtype><attwidth Sync="TRUE">14</attwidth><atprecis Sync="TRUE">0</atprecis><attscale Sync="TRUE">0</attscale></attr><attr><attrlabl Sync="TRUE">LAST_EDI_1</attrlabl><attalias Sync="TRUE">LAST_EDI_1</attalias><attrtype Sync="TRUE">Date</attrtype><attwidth Sync="TRUE">8</attwidth><atprecis Sync="TRUE">0</atprecis><attscale Sync="TRUE">0</attscale></attr><attr><attrlabl Sync="TRUE">ROUTE_ID_R</attrlabl><attalias Sync="TRUE">ROUTE_ID_R</attalias><attrtype Sync="TRUE">Integer</attrtype><attwidth Sync="TRUE">5</attwidth><atprecis Sync="TRUE">5</atprecis><attscale Sync="TRUE">0</attscale></attr><attr><attrlabl Sync="TRUE">FROMDATE</attrlabl><attalias Sync="TRUE">FROMDATE</attalias><attrtype Sync="TRUE">Date</attrtype><attwidth Sync="TRUE">8</attwidth><atprecis Sync="TRUE">0</atprecis><attscale Sync="TRUE">0</attscale></attr><attr><attrlabl Sync="TRUE">TODATE</attrlabl><attalias Sync="TRUE">TODATE</attalias><attrtype Sync="TRUE">Date</attrtype><attwidth Sync="TRUE">8</attwidth><atprecis Sync="TRUE">0</atprecis><attscale Sync="TRUE">0</attscale></attr><attr><attrlabl Sync="TRUE">EVENTID</attrlabl><attalias Sync="TRUE">EVENTID</attalias><attrtype Sync="TRUE">String</attrtype><attwidth Sync="TRUE">36</attwidth><atprecis Sync="TRUE">0</atprecis><attscale Sync="TRUE">0</attscale></attr><attr><attrlabl Sync="TRUE">ROUTEID</attrlabl><attalias Sync="TRUE">ROUTEID</attalias><attrtype Sync="TRUE">String</attrtype><attwidth Sync="TRUE">19</attwidth><atprecis Sync="TRUE">0</atprecis><attscale Sync="TRUE">0</attscale></attr><attr><attrlabl Sync="TRUE">FROMMEASUR</attrlabl><attalias Sync="TRUE">FROMMEASUR</attalias><attrtype Sync="TRUE">Double</attrtype><attwidth Sync="TRUE">19</attwidth><atprecis Sync="TRUE">0</atprecis><attscale Sync="TRUE">0</attscale></attr><attr><attrlabl Sync="TRUE">TOMEASURE</attrlabl><attalias Sync="TRUE">TOMEASURE</attalias><attrtype Sync="TRUE">Double</attrtype><attwidth Sync="TRUE">19</attwidth><atprecis Sync="TRUE">0</atprecis><attscale Sync="TRUE">0</attscale></attr><attr><attrlabl Sync="TRUE">SHAPE_Leng</attrlabl><attalias Sync="TRUE">SHAPE_Leng</attalias><attrtype Sync="TRUE">Double</attrtype><attwidth Sync="TRUE">19</attwidth><atprecis Sync="TRUE">0</atprecis><attscale Sync="TRUE">0</attscale></attr><attr><attrlabl Sync="TRUE">Shape_Le_1</attrlabl><attalias Sync="TRUE">Shape_Le_1</attalias><attrtype Sync="TRUE">Double</attrtype><attwidth Sync="TRUE">19</attwidth><atprecis Sync="TRUE">0</atprecis><attscale Sync="TRUE">0</attscale></attr></detailed></eainfo><mdDateSt Sync="TRUE">20210515</mdDateSt></metadata>
